ID,Age,Gender,Caregiver,Item,Utterances_C,MLU_C,Utterances_M,MLU_M,Token_C,TTR_C,VocD_C,Token_M,TTR_M,VocD_M,Turn,Nodes,Density,Clustering,Length
P12,66,M,MOT,Car,70,4.243,32,4.062,288,0.361111,33.12,133,0.518797,41.73,272,61,0.03278688524590160,0.43317720530835300,1.9242424242424200
P12,66,M,MOT,ComputerBox,32,3.312,21,4.81,112,0.392857,17.55,126,0.420635,21.3,104,18,0.0457516339869281,0.2962962962962960,1.3333333333333300
P12,66,M,MOT,Degu,61,3.361,33,6.061,217,0.410138,41.54,220,0.359091,28.69,200,42,0.03948896631823460,0.4484126984126980,2.1818181818181800
P12,66,M,MOT,Robodog,29,3.103,22,3.5,89,0.460674,17.33,97,0.56701,38.57,85,186,0.011682650392327800,0.32531780276087700,3.786080586080590
P12,66,M,MOT,Meerkat,80,4.562,36,4.083,358,0.335196,45.47,149,0.449664,31.06,341,75,0.02702702702702700,0.3573650793650790,3.0615942028985500
P12,66,M,MOT,Starfish,65,4.185,30,4.267,263,0.353612,31.66,149,0.42953,31.03,252,40,0.03717948717948720,0.30166666666666700,2.2
P13,66,M,MOT,Car,64,3.844,77,5.494,264,0.363636,40.03,413,0.331719,42.48,245,47,0.0666049953746531,0.37425765723638100,2.3174603174603200
P13,66,M,MOT,ComputerBox,26,4.077,68,6.279,136,0.5,43.72,438,0.255708,34.94,125,35,0.1092436974789920,0.6670015698587130,2.0292397660818700
P13,66,M,MOT,Degu,49,3.449,105,6.067,182,0.472527,42.92,609,0.2578,49.73,173,38,0.051209103840682800,0.35730994152046800,2.549019607843140
P13,66,M,MOT,Robodog,39,3.205,81,5.21,134,0.485075,37.32,433,0.316397,35.04,126,134,0.03175850072943550,0.48625547921468800,2.9985858585858600
P13,66,M,MOT,Meerkat,48,4.375,85,5.682,210,0.447619,46.83,467,0.37045,61.08,201,46,0.08019323671497580,0.5767253278122840,2.4233333333333300
P13,66,M,MOT,Starfish,45,3.156,106,6.962,137,0.50365,43.02,719,0.257302,54.31,126,27,0.05698005698005700,0.43209876543209900,1.3
P14,66,M,MOT,Car,48,3.604,54,4.167,171,0.450292,48.24,209,0.4689,48.42,165,40,0.035897435897435900,0.375,1.8
P14,66,M,MOT,ComputerBox,13,3,23,3.043,NaN,NaN,NaN,65,0.646154,40.8,39,10,0.15555555555555600,0.4,1.0
P14,66,M,MOT,Degu,49,3.224,51,4.49,149,0.38255,17.05,212,0.438679,46.17,142,32,0.04435483870967740,0.16145833333333300,1.3
P14,66,M,MOT,Robodog,21,3.19,39,4.026,62,0.66129,45.11,150,0.466667,37.51,57,115,0.015255530129672000,0.3158592132505180,2.4155844155844200
P14,66,M,MOT,Meerkat,22,3.682,60,4.233,82,0.512195,28.31,237,0.43038,39.39,76,20,0.06315789473684210,0.27,1.4
P14,66,M,MOT,Starfish,44,4.068,73,4.863,176,0.482955,50.85,340,0.35,45,166,33,0.056818181818181800,0.4155122655122660,1.8888888888888900
P15,42,M,MOT,Car,54,2.981,73,4.753,159,0.421384,34.12,336,0.318452,34.99,153,33,0.045454545454545500,0.2696969696969700,2.2888888888888900
P15,42,M,MOT,ComputerBox,39,3.179,67,4.179,140,0.457143,42.02,261,0.348659,46.61,133,39,0.043184885290148400,0.358974358974359,2.3636363636363600
P15,42,M,MOT,Degu,62,3.048,65,5.138,208,0.326923,22.75,316,0.322785,30.1,191,38,0.05832147937411100,0.2067251461988300,2.411255411255410
P15,42,M,MOT,Robodog,22,3.273,40,5.125,73,0.465753,15.42,196,0.367347,26.19,70,141,0.015197568389057800,0.24101568250504400,3.7857142857142900
P15,42,M,MOT,Meerkat,47,2.638,63,4.603,123,0.414634,23.89,268,0.369403,41.53,114,24,0.028985507246376800,0.0,1.3333333333333300
P15,42,M,MOT,Starfish,61,3.475,84,5.107,222,0.382883,35.83,411,0.301703,36.33,204,43,0.044296788482835,0.25193798449612400,2.4175824175824200
P16,42,M,MOT,Car,30,5.3,50,4.56,174,0.41954,42.75,222,0.454955,50.39,163,33,0.07196969696969700,0.5545454545454550,2.9
P16,42,M,MOT,ComputerBox,33,3.455,48,4.438,123,0.455285,29.4,199,0.361809,24.14,116,29,0.059113300492610800,0.40000000000000000,1.619047619047620
P16,42,M,MOT,Degu,52,4.173,29,4.69,216,0.324074,24.03,140,0.392857,24.76,199,35,0.06218487394957980,0.42483516483516500,1.8857142857142900
P16,42,M,MOT,Robodog,39,4.769,40,4.5,173,0.265896,12.42,171,0.362573,23.71,160,130,0.01967799642218250,0.39202018404447600,3.75859649122807
P16,42,M,MOT,Meerkat,36,3.278,60,4.033,120,0.458333,30.19,227,0.317181,20.64,110,31,0.04946236559139790,0.3440860215053760,1.0
P16,42,M,MOT,Starfish,55,3.218,66,5.136,200,0.385,35.36,337,0.267062,24.38,188,32,0.08266129032258060,0.4532738095238100,2.7435897435897400
P17,66,M,MOT,Car,35,4.314,43,6.488,149,0.483221,45.48,268,0.376866,54.01,142,34,0.053475935828877000,0.4872549019607840,1.4
P17,66,M,MOT,ComputerBox,23,4.087,38,6.868,91,0.494505,25.49,280,0.342857,39.5,87,19,0.05847953216374270,0.22807017543859600,1.4
P17,66,M,MOT,Degu,29,5.172,53,5.774,151,0.403974,26.85,307,0.407166,55.5,143,32,0.07056451612903230,0.4510416666666670,2.9415204678362600
P17,66,M,MOT,Robodog,14,4.143,46,5.522,60,0.583333,26.37,237,0.421941,46.64,59,124,0.016522423288749000,0.37343830005120300,3.104609929078010
P17,66,M,MOT,Meerkat,28,3.75,73,5.274,110,0.590909,52.67,391,0.352941,45.68,102,33,0.03977272727272730,0.3090909090909090,1.4761904761904800
P17,66,M,MOT,Starfish,37,4.216,62,5.661,149,0.422819,23.79,344,0.357558,54.78,136,27,0.05982905982905980,0.29188712522045900,2.5054945054945100
P18,66,F,MOT,Car,47,4.383,69,6.522,198,0.378788,37.67,427,0.330211,41.06,191,33,0.07954545454545450,0.47243867243867200,2.3333333333333300
P18,66,F,MOT,ComputerBox,40,4.3,37,5.73,168,0.446429,39.13,233,0.429185,47.03,158,40,0.052564102564102600,0.34000000000000000,2.0606060606060600
P18,66,F,MOT,Degu,51,3.941,65,5.892,230,0.417391,40.95,413,0.353511,48.69,208,52,0.0444947209653092,0.535485347985348,1.8666666666666700
P18,66,F,MOT,Robodog,41,4.122,41,5.463,163,0.441718,35.67,221,0.438914,32.27,147,191,0.013171672637090100,0.3700804140594720,3.7139263252470800
P18,66,F,MOT,Meerkat,58,3.948,84,5.226,243,0.395062,40.9,442,0.346154,58.58,223,52,0.033936651583710400,0.29706959706959700,2.7058823529411800
P18,66,F,MOT,Starfish,53,4.736,59,5.78,252,0.321429,22.98,354,0.358757,50.93,221,41,0.04024390243902440,0.2707317073170730,2.6416666666666700
P19,42,M,MOT,Car,57,2.807,116,4.638,149,0.436242,32.87,523,0.321224,58.27,144,31,0.043010752688172000,0.34301075268817200,1.619047619047620
P19,42,M,MOT,ComputerBox,38,3.395,63,5.968,130,0.4,22.64,361,0.32133,41.44,126,26,0.09538461538461540,0.5728021978021980,2.3529411764705900
P19,42,M,MOT,Degu,74,2.311,123,6.976,167,0.383234,24.83,803,0.237858,44.61,160,28,0.021164021164021200,0.11904761904761900,1.1666666666666700
P19,42,M,MOT,Robodog,63,2.698,82,5.402,192,0.447917,45.4,429,0.305361,44.09,183,140,0.015827338129496400,0.3469172932330830,3.4341527655838500
P19,42,M,MOT,Meerkat,75,2.413,122,5.926,183,0.338798,20.17,687,0.248908,38.86,173,30,0.05057471264367820,0.23666666666666700,1.7142857142857100
P19,42,M,MOT,Starfish,64,2.375,109,7.22,163,0.411043,20.83,743,0.242261,51.35,159,34,0.04634581105169340,0.4754901960784310,1.4
P20,42,M,MOT,Car,72,3.917,42,4.595,311,0.279743,34.19,203,0.448276,43.18,278,47,0.04902867715078630,0.39078014184397200,4.205645161290320
P20,42,M,MOT,ComputerBox,44,2.75,49,4.796,129,0.48062,32.32,240,0.4,35.49,118,37,0.03453453453453450,0.2972972972972970,1.0
P20,42,M,MOT,Degu,80,3.85,63,4.635,287,0.261324,22.81,297,0.333333,36.34,276,47,0.05272895467160040,0.47213779128672700,3.9800569800569800
P20,42,M,MOT,Robodog,83,3.133,23,5.043,260,0.3,21.46,112,0.4375,21.16,239,179,0.01657146444039920,0.3810465413653060,3.7742424242424200
P20,42,M,MOT,Meerkat,70,5.3,47,3.17,354,0.251412,33.35,147,0.44898,28.25,336,56,0.05064935064935070,0.3745067432567430,2.9384384384384400
P20,42,M,MOT,Starfish,81,3.148,74,4.743,267,0.314607,24.82,326,0.325153,40.43,235,47,0.04070305272895470,0.5118034447821680,2.2285714285714300
P21,66,M,MOT,Car,36,3.417,69,4.899,131,0.587786,72.43,329,0.37386,55.41,124,27,0.02849002849002850,0.1111111111111110,1.0
P21,66,M,MOT,ComputerBox,18,4.389,74,5.351,83,0.53012,25.74,395,0.301266,41.71,81,13,0.16666666666666700,0.6153846153846150,1.0
P21,66,M,MOT,Degu,50,4.8,94,6.5,253,0.407115,55.61,602,0.284053,49.55,240,46,0.04734299516908210,0.529296066252588,2.4696969696969700
P21,66,M,MOT,Robodog,15,4.2,23,7.13,63,0.571429,24.99,165,0.490909,42.46,57,131,0.016793893129771000,0.401985292061628,4.050931677018630
P21,66,M,MOT,Meerkat,48,3.958,92,5.63,198,0.464646,48.22,503,0.27833,42.3,184,43,0.03322259136212630,0.45348837209302300,1.3
P21,66,M,MOT,Starfish,34,4.735,89,6.393,146,0.465753,38.25,514,0.282101,48.49,136,32,0.05443548387096770,0.29791666666666700,2.0757575757575800
P23,66,M,MOT,Car,60,3.733,72,6.653,232,0.383621,33.96,460,0.31087,37.57,224,36,0.03650793650793650,0.1787037037037040,2.111111111111110
P23,66,M,MOT,ComputerBox,23,3.609,34,8.059,88,0.522727,27.54,268,0.384328,39,86,18,0.0784313725490196,0.4666666666666670,1.4
P23,66,M,MOT,Degu,55,2.691,73,6.932,142,0.464789,38.62,479,0.275574,25.16,131,38,0.02702702702702700,0.15964912280701800,2.0277777777777800
P23,66,M,MOT,Robodog,14,3.643,31,6.71,56,0.5,15.52,213,0.446009,37.79,51,134,0.010099876557064300,0.21328261290947900,3.4551495016611300
P23,66,M,MOT,Meerkat,55,3.455,84,6.917,192,0.369792,29.62,546,0.252747,41.64,178,35,0.03697478991596640,0.2173469387755100,2.3205128205128200
P23,66,M,MOT,Starfish,66,3.318,85,7.835,209,0.382775,37.35,638,0.246082,39.36,199,36,0.02857142857142860,0.2777777777777780,2.0476190476190500
P26,42,M,MOT,Car,63,4.429,110,4.964,269,0.334572,32.4,528,0.268939,42.14,251,48,0.04521276595744680,0.3303240740740740,2.4615384615384600
P26,42,M,MOT,ComputerBox,43,5.558,104,5.567,244,0.340164,33.19,538,0.234201,29.29,224,42,0.06968641114982580,0.5244607244607240,3.0043010752688200
P26,42,M,MOT,Degu,51,5.765,94,6.755,277,0.34296,33.25,623,0.247191,41.64,259,43,0.07087486157253600,0.5147051914493780,1.9411764705882400
P26,42,M,MOT,Robodog,34,4.912,90,5.489,170,0.352941,22.5,478,0.261506,32.25,156,177,0.017719568567026200,0.41127088132620500,3.3299440023578000
P26,42,M,MOT,Meerkat,64,3.891,117,5.624,238,0.369748,30.63,638,0.239812,36.25,227,49,0.04336734693877550,0.4983081544306030,2.198529411764710
P26,42,M,MOT,Starfish,64,4.359,118,6.331,251,0.298805,30.08,705,0.211348,40.16,238,37,0.04504504504504500,0.25244530244530200,3.205263157894740
P27,42,F,MOT,Car,44,3.659,72,5.222,163,0.453988,33,368,0.355978,49.74,157,42,0.0313588850174216,0.27301587301587300,1.8222222222222200
P27,42,F,MOT,ComputerBox,18,3.5,35,3.514,65,0.569231,29.96,123,0.544715,50.87,62,20,0.07368421052631580,0.35333333333333300,1.4
P27,42,F,MOT,Degu,63,4.873,89,5.539,283,0.339223,34.29,467,0.295503,35.93,264,55,0.03973063973063970,0.3916017316017320,2.4757834757834800
P27,42,F,MOT,Robodog,41,4.098,46,5.326,157,0.426752,25.56,227,0.387665,31.88,144,177,0.012326656394453000,0.2864291142168040,3.2483293237102400
P27,42,F,MOT,Meerkat,62,2.21,94,5.447,139,0.460432,33.62,493,0.281947,35.08,128,46,0.01932367149758450,0.12681159420289900,1.3
P27,42,F,MOT,Starfish,53,4.321,74,6.689,231,0.359307,33.48,492,0.284553,40.25,213,42,0.05226480836236930,0.39051398337112600,2.2483660130719000
P28,42,M,MOT,Car,36,2.778,148,4.453,111,0.432432,24.97,669,0.246637,44.26,105,22,0.08225108225108230,0.2937229437229440,1.4285714285714300
P28,42,M,MOT,ComputerBox,17,3.412,110,3.555,56,0.678571,39.92,368,0.298913,34.77,51,16,0.16666666666666700,0.38571428571428600,1.3214285714285700
P28,42,M,MOT,Degu,47,2.34,123,4.683,112,0.428571,25.63,550,0.234545,29.45,104,24,0.057971014492753600,0.22916666666666700,1.6785714285714300
P28,42,M,MOT,Robodog,27,2.815,130,4.131,76,0.539474,26.62,536,0.251866,30.39,72,88,0.023772204806687600,0.26077880452880500,3.2857142857142900
P28,42,M,MOT,Meerkat,47,2.362,103,4.495,121,0.495868,36.47,468,0.252137,24.35,114,29,0.029556650246305400,0.12183908045977000,1.7619047619047600
P28,42,M,MOT,Starfish,48,3.479,155,5.645,160,0.45625,38.07,831,0.216606,42.65,143,32,0.06451612903225810,0.4119047619047620,2.0
P29,42,F,MOT,Car,40,5.5,54,4.889,220,0.340909,31.68,260,0.357692,48.49,214,45,0.049494949494949500,0.44513227513227500,2.2333333333333300
P29,42,F,MOT,ComputerBox,36,6.556,50,3.06,223,0.313901,25,145,0.372414,20.19,201,50,0.05142857142857140,0.5363174603174600,3.3333333333333300
P29,42,F,MOT,Degu,47,4.872,59,3.898,218,0.357798,29.73,222,0.423423,45.68,201,44,0.035940803382663800,0.2159090909090910,2.6794871794871800
P29,42,F,MOT,Robodog,28,3.429,55,5.291,94,0.404255,16.34,286,0.314685,36.88,89,188,0.013880987598134000,0.40020745121711600,3.8381962864721500
P29,42,F,MOT,Meerkat,45,5.111,60,4.4,216,0.384259,38.43,260,0.311538,29.57,202,54,0.04821802935010480,0.4323486184597300,3.3066666666666700
P29,42,F,MOT,Starfish,28,2.714,57,5.404,72,0.583333,35.34,300,0.32,25.61,67,30,0.02528735632183910,0.2,1.0
P31,42,M,MOT,Car,45,3.022,98,6.418,128,0.492188,36.59,615,0.260163,47.29,121,27,0.039886039886039900,0.16666666666666700,1.7333333333333300
P31,42,M,MOT,ComputerBox,38,3.053,92,5.304,114,0.421053,21.21,471,0.259023,38.93,101,20,0.06315789473684210,0.275,1.7333333333333300
P31,42,M,MOT,Degu,45,3.756,98,7.204,162,0.376543,26.93,672,0.251488,38.33,153,26,0.03076923076923080,0.11538461538461500,1.5
P31,42,M,MOT,Robodog,30,3.6,63,6.667,104,0.423077,21.19,391,0.327366,40.13,93,85,0.014285714285714300,0.12121806298276900,4.06
P31,42,M,MOT,Meerkat,34,2.647,102,5.314,93,0.473118,25.43,526,0.288973,47.05,87,18,0.0392156862745098,0.16666666666666700,1.3333333333333300
P31,42,M,MOT,Starfish,28,3.357,66,7.061,90,0.422222,17.27,446,0.284753,37.06,82,14,0.054945054945054900,0.0,1.8
P32,42,M,MOT,Car,28,3,72,7.208,137,0.474453,35.81,504,0.293651,44.77,132,24,0.05434782608695650,0.2708333333333330,1.6666666666666700
P32,42,M,MOT,ComputerBox,26,4.231,88,6.943,125,0.56,48.51,596,0.234899,36.53,123,26,0.09538461538461540,0.4743589743589740,1.0
P32,42,M,MOT,Degu,45,4,97,7.144,217,0.40553,34.15,671,0.242921,42.95,206,41,0.04878048780487810,0.29771583430120000,1.858974358974360
P32,42,M,MOT,Robodog,25,2.96,73,5.425,88,0.545455,31.68,401,0.326683,43.47,85,124,0.01927616050354050,0.36010508308895400,3.4172714078374500
P32,42,M,MOT,Meerkat,38,3.132,82,5.817,135,0.422222,25.32,465,0.311828,41.93,124,26,0.06461538461538460,0.3935897435897440,1.619047619047620
P32,42,M,MOT,Starfish,45,4.444,89,8.326,201,0.353234,31.52,723,0.235131,41.77,190,28,0.08465608465608470,0.3686507936507940,2.219047619047620
P33,42,M,MOT,Car,38,3.684,62,5.29,139,0.431655,24.66,322,0.409938,57.54,121,25,0.03,0.12,1.5
P33,42,M,MOT,ComputerBox,32,3.719,27,5.407,132,0.409091,27.85,151,0.523179,51.37,125,20,0.031578947368421100,0.0,1.3333333333333300
P33,42,M,MOT,Degu,42,4.5,84,7.345,190,0.457895,40.85,581,0.27883,39.88,176,46,0.05410628019323670,0.3359903381642510,1.309090909090910
P33,42,M,MOT,Robodog,30,2.467,39,5.282,79,0.632911,43.5,206,0.441748,38.7,73,127,0.018747656542932100,0.3206393459190810,3.482638888888890
P33,42,M,MOT,Meerkat,44,4.114,61,6.934,220,0.404545,42.78,389,0.336761,47.27,198,40,0.05,0.46958333333333300,2.608187134502920
P33,42,M,MOT,Starfish,40,4.4,85,7.129,188,0.388298,34.07,578,0.283737,46.41,167,32,0.07459677419354840,0.5244047619047620,2.6013071895424800
P34,42,M,MOT,Car,52,2.885,67,5,154,0.441558,35.82,337,0.373887,52.42,147,33,0.045454545454545500,0.3354978354978360,1.9111111111111100
P34,42,M,MOT,ComputerBox,38,3.816,72,5.611,143,0.412587,30.47,408,0.284314,38.21,136,26,0.052307692307692300,0.19230769230769200,1.8095238095238100
P34,42,M,MOT,Degu,62,3.065,91,5.835,195,0.389744,30.4,513,0.261209,36.34,184,40,0.028205128205128200,0.21666666666666700,1.7619047619047600
P34,42,M,MOT,Robodog,19,3.263,25,4.8,57,0.561404,22.84,113,0.424779,19.9,54,154,0.014684661743485300,0.33332724274282700,3.781094527363180
P34,42,M,MOT,Meerkat,73,3.507,75,5.707,249,0.37751,37.58,413,0.288136,32.33,243,56,0.04415584415584420,0.5226190476190480,3.1965811965812000
P34,42,M,MOT,Starfish,63,3.476,85,6.082,222,0.378378,28.68,524,0.274809,37.03,209,45,0.03939393939393940,0.32206349206349200,2.0128205128205100
P35,42,F,MOT,Car,52,3.173,68,4.529,164,0.445122,43.84,296,0.351351,43.88,155,45,0.025252525252525300,0.20740740740740700,1.6071428571428600
P35,42,F,MOT,ComputerBox,50,4.96,65,4.969,243,0.329218,25.6,311,0.340836,46.52,222,46,0.04154589371980680,0.3695652173913040,2.0
P35,42,F,MOT,Degu,53,4.34,63,5.365,225,0.32,20.33,315,0.361905,32.83,217,55,0.04377104377104380,0.3943434343434340,2.3596837944664000
P35,42,F,MOT,Robodog,45,3.956,47,4.723,169,0.360947,26.12,207,0.371981,23.44,158,201,0.00945273631840796,0.31219731070477300,4.859053989488770
P35,42,F,MOT,Meerkat,53,3.377,80,4.775,177,0.338983,22.6,370,0.327027,37.39,165,46,0.025120772946859900,0.33333333333333300,1.3333333333333300
P35,42,F,MOT,Starfish,48,3.854,81,5.481,192,0.359375,23.13,431,0.322506,44.44,168,30,0.027586206896551700,0.07222222222222220,1.5
P38,42,F,MOT,Car,52,3.75,77,4.818,190,0.431579,41.3,353,0.328612,43.33,186,49,0.047619047619047600,0.3846938775510200,1.1944444444444400
P38,42,F,MOT,ComputerBox,41,3.39,97,4.588,154,0.363636,21.26,417,0.254197,23,144,25,0.056666666666666700,0.24,2.388888888888890
P38,42,F,MOT,Degu,76,4.908,107,4.514,339,0.312684,33.8,455,0.296703,39.74,309,71,0.030583501006036200,0.3780684104627770,3.1452991452991500
P38,42,F,MOT,Robodog,46,3.783,63,4.603,159,0.402516,21.45,279,0.333333,32.06,145,194,0.013994978900699700,0.3170269879032770,4.367298844125240
P38,42,F,MOT,Meerkat,60,3.633,81,4.765,215,0.432558,47.1,369,0.325203,37.34,203,57,0.02944862155388470,0.3050543024227240,3.263157894736840
P38,42,F,MOT,Starfish,49,3.163,121,4.661,152,0.394737,31.2,540,0.233333,38.94,139,39,0.05128205128205130,0.3887667887667890,1.5333333333333300
P39,42,F,MOT,Car,20,2.25,97,5.515,NaN,NaN,NaN,511,0.332681,52,40,27,0.022792022792022800,0.1111111111111110,1.0
P39,42,F,MOT,ComputerBox,17,2.529,83,5.181,NaN,NaN,NaN,449,0.325167,45.57,41,18,0.0718954248366013,0.3611111111111110,1.3
P39,42,F,MOT,Degu,27,3.37,102,6.716,91,0.593407,44.46,668,0.282934,50.7,86,30,0.0367816091954023,0.3,1.5
P39,42,F,MOT,Robodog,12,2.833,57,5.667,NaN,NaN,NaN,311,0.398714,50.26,38,135,0.009729132117191820,0.2378365667254560,2.4836601307189500
P39,42,F,MOT,Meerkat,21,3.952,90,6.122,83,0.493976,25.46,547,0.301645,52.27,76,31,0.05591397849462370,0.2961597542242700,1.3571428571428600
P39,42,F,MOT,Starfish,32,2.25,113,5.965,72,0.638889,43.97,692,0.268786,43.12,70,26,0.036923076923076900,0.23076923076923100,1.0
P41,42,F,MOT,Car,60,4.5,75,4.307,270,0.37037,43.67,305,0.314754,30.34,248,52,0.03770739064856710,0.3948717948717950,3.039855072463770
P41,42,F,MOT,ComputerBox,25,5.44,36,4.917,144,0.395833,23.23,165,0.309091,16.3,135,25,0.12333333333333300,0.5,1.4
P41,42,F,MOT,Degu,51,5.373,85,5.471,252,0.333333,27.54,429,0.293706,34.56,229,49,0.05187074829931970,0.4289676310084470,2.219047619047620
P41,42,F,MOT,Robodog,49,3.673,60,5.633,169,0.449704,30.6,323,0.321981,26.03,158,161,0.019021739130434800,0.4000975620814860,3.161782178217820
P41,42,F,MOT,Meerkat,49,4.694,58,4.138,231,0.337662,30.26,238,0.361345,28.05,208,38,0.06258890469416790,0.5015873015873020,2.098901098901100
P41,42,F,MOT,Starfish,64,4.219,79,4.81,254,0.366142,38.98,360,0.294444,35.32,242,51,0.03529411764705880,0.39150326797385600,1.6666666666666700
P42,42,F,MOT,Car,48,5.062,44,4.455,239,0.334728,33.49,189,0.42328,36.84,217,36,0.1126984126984130,0.48415103415103400,2.283333333333330
P42,42,F,MOT,ComputerBox,38,4.132,68,5.471,153,0.45098,39.53,358,0.343575,42.51,141,40,0.05128205128205130,0.4390476190476190,1.8909090909090900
P42,42,F,MOT,Degu,44,3.841,54,6.352,161,0.465839,36.71,322,0.301242,31.1,153,36,0.03015873015873020,0.2037037037037040,1.5
P42,42,F,MOT,Robodog,54,4.037,51,5.02,204,0.387255,33.89,243,0.386831,36.66,189,163,0.017344542906915100,0.41336341877187900,3.8928231486769500
P42,42,F,MOT,Meerkat,51,3.98,54,5.259,202,0.460396,43.17,275,0.385455,49.93,189,51,0.042352941176470600,0.43790849673202600,2.1515151515151500
P42,42,F,MOT,Starfish,49,4.367,58,7.328,202,0.39604,40.68,408,0.32598,43.86,188,34,0.0481283422459893,0.3686274509803920,1.2666666666666700
P43,42,M,MOT,Car,58,2.983,81,4.963,166,0.403614,32.04,389,0.293059,39.11,153,33,0.04734848484848490,0.2909090909090910,1.6
P43,42,M,MOT,ComputerBox,25,2.8,69,4.928,67,0.522388,24.48,312,0.307692,30.24,66,11,0.14545454545454500,0.4848484848484850,1.3333333333333300
P43,42,M,MOT,Degu,44,2.909,84,4.94,132,0.424242,25.54,412,0.279126,39.76,122,27,0.04843304843304840,0.2716049382716050,1.4
P43,42,M,MOT,Robodog,43,3.767,73,4.904,154,0.480519,46.36,349,0.295129,34.35,143,109,0.0163098878695209,0.3110091743119270,3.355731225296440
P43,42,M,MOT,Meerkat,29,2.897,83,4.928,82,0.560976,29.53,400,0.265,28.61,75,21,0.07142857142857140,0.5079365079365080,1.3333333333333300
P43,42,M,MOT,Starfish,41,3.22,108,5.435,139,0.395683,19.73,565,0.210619,29.2,126,25,0.06,0.32,1.0
P45,42,F,MOT,Car,40,2.75,68,3.662,103,0.427184,20.55,244,0.393443,50.38,100,24,0.03260869565217390,0.0,1.6666666666666700
P45,42,F,MOT,ComputerBox,37,3.27,76,5.079,118,0.440678,26.51,371,0.301887,34.74,109,27,0.07122507122507120,0.4777777777777780,1.6428571428571400
P45,42,F,MOT,Degu,57,4.175,109,5.78,240,0.3,20.81,610,0.234426,43.95,222,34,0.06417112299465240,0.4215686274509800,2.286764705882350
P45,42,F,MOT,Robodog,77,3.429,79,4.646,260,0.226923,18.68,340,0.347059,44.54,233,109,0.021746517159361200,0.32454953566943400,2.8714202220923400
P45,42,F,MOT,Meerkat,40,3.225,100,4.79,121,0.421488,21.46,453,0.306843,51.81,113,24,0.05434782608695650,0.3194444444444450,1.3333333333333300
P45,42,F,MOT,Starfish,57,3.368,95,5.663,195,0.307692,18.19,506,0.266798,39.49,178,31,0.07956989247311830,0.3605104572846510,2.128654970760230
P48,66,F,MOT,Car,28,4.679,59,3.746,128,0.492188,40.74,217,0.428571,41.65,118,28,0.05291005291005290,0.20357142857142900,2.712121212121210
P48,66,F,MOT,ComputerBox,21,4.238,44,4.205,100,0.43,24.71,183,0.36612,27.66,93,17,0.08823529411764710,0.3431372549019610,1.7
P48,66,F,MOT,Degu,24,3.375,80,4.45,78,0.589744,35.66,341,0.354839,41.07,69,21,0.07142857142857140,0.29365079365079400,1.7333333333333300
P48,66,F,MOT,Robodog,33,4,53,4.34,125,0.48,42.69,218,0.385321,36.98,121,113,0.02101769911504430,0.36000896841604800,3.2274436090225600
P48,66,F,MOT,Meerkat,30,3.633,82,4.256,108,0.546296,38.24,357,0.344538,42.95,96,31,0.043010752688172000,0.47311827956989200,1.3333333333333300
P48,66,F,MOT,Starfish,48,3.896,90,5.133,200,0.36,26,441,0.247166,26.97,188,32,0.056451612903225800,0.272172619047619,2.411764705882350
P49,66,F,MOT,Car,37,5.108,38,6.921,207,0.449275,51.78,279,0.408602,50.9,194,41,0.05975609756097560,0.433701122725513,2.601731601731600
P49,66,F,MOT,ComputerBox,18,5.167,34,6.412,96,0.520833,37.83,244,0.311475,32.34,92,25,0.08333333333333330,0.5253333333333330,1.7142857142857100
P49,66,F,MOT,Degu,39,5.359,47,7.298,239,0.410042,44.96,355,0.338028,50.67,232,45,0.031313131313131300,0.42148148148148100,2.088888888888890
P49,66,F,MOT,Robodog,22,4.773,45,6.111,122,0.467213,34.36,278,0.341727,40.93,114,168,0.02587681779298550,0.46085259779698100,3.333733133433280
P49,66,F,MOT,Meerkat,38,5.237,47,4.894,263,0.353612,31.94,243,0.399177,43.63,240,45,0.10404040404040400,0.5106411453470280,2.7903225806451600
P49,66,F,MOT,Starfish,51,5.451,54,4.759,322,0.425466,65.66,251,0.398406,45.92,308,68,0.05926251097453910,0.6161796128707890,2.335632183908050
P50,66,F,MOT,Car,60,4.417,85,5.176,261,0.440613,56.39,445,0.310112,38.24,245,59,0.046756282875511400,0.5327973344922500,2.7066666666666700
P50,66,F,MOT,ComputerBox,28,4.786,61,6.098,138,0.442029,26.58,356,0.294944,28.88,131,29,0.07389162561576360,0.6,1.4285714285714300
P50,66,F,MOT,Degu,53,3.943,85,5.518,221,0.443439,45.4,459,0.287582,37.18,208,57,0.03258145363408520,0.45497076023391800,2.91025641025641
P50,66,F,MOT,Robodog,38,3.842,57,4.982,153,0.431373,34.98,279,0.369176,32.77,141,193,0.015382124352331600,0.3985244309688080,3.8946564885496200
P50,66,F,MOT,Meerkat,63,4.968,98,4.367,319,0.354232,45.83,420,0.3,34.21,296,56,0.044805194805194800,0.45590986394557800,2.786764705882350
P50,66,F,MOT,Starfish,59,4.186,79,5.911,237,0.405063,39.09,441,0.29932,32.97,222,42,0.03484320557491290,0.17244897959183700,2.4380952380952400
P51,66,F,MOT,Car,48,3.938,75,5.293,195,0.502564,66.3,394,0.362944,59.18,181,50,0.044897959183673500,0.4694285714285710,1.6388888888888900
P51,66,F,MOT,ComputerBox,31,4.323,47,6.511,148,0.466216,40.65,303,0.306931,30.39,140,24,0.057971014492753600,0.2569444444444450,1.5
P51,66,F,MOT,Degu,54,3.259,86,6.186,178,0.55618,76.14,515,0.297087,48.35,170,47,0.01572617946345980,0.06382978723404260,1.6
P51,66,F,MOT,Robodog,27,2.519,41,4.512,97,0.494845,33.5,228,0.359649,30.53,89,176,0.011623376623376600,0.29955949149632300,4.0900483904902200
P51,66,F,MOT,Meerkat,55,3.273,74,6.041,177,0.463277,41.81,435,0.314943,37.11,172,47,0.028677150786309000,0.31347517730496500,1.619047619047620
P51,66,F,MOT,Starfish,48,3.854,61,6.787,183,0.42623,28.46,422,0.317536,29.59,169,40,0.05512820512820510,0.5308333333333330,3.0760233918128700
P52,66,F,MOT,Car,68,4.441,65,3.385,330,0.342424,44.03,214,0.392523,38.03,304,55,0.04579124579124580,0.472063492063492,3.903903903903900
P52,66,F,MOT,ComputerBox,27,2.259,22,5.455,59,0.491525,15.23,125,0.488,32.19,56,15,0.06666666666666670,0.14444444444444400,1.5
P52,66,F,MOT,Degu,60,3.55,70,5.886,209,0.425837,38.11,390,0.338462,38.96,195,46,0.04057971014492750,0.4762422360248450,2.676190476190480
P52,66,F,MOT,Robodog,23,2.913,35,5.2,71,0.577465,37.93,225,0.4,33.04,67,161,0.017391304347826100,0.4093180868700720,3.554628857381150
P52,66,F,MOT,Meerkat,58,4.828,73,4.493,263,0.380228,41.8,329,0.343465,44.21,243,45,0.048484848484848500,0.38209876543209900,2.965811965811970
P52,66,F,MOT,Starfish,76,3.526,102,4.539,268,0.328358,27.52,454,0.292952,43.38,243,45,0.045454545454545500,0.2946127946127950,2.281045751633990
P53,66,M,MOT,Car,38,3.974,56,3.857,168,0.5,53.54,210,0.452381,42.79,158,38,0.041251778093883400,0.30877192982456100,1.8055555555555600
P53,66,M,MOT,ComputerBox,27,3.963,42,4.857,138,0.536232,44.62,218,0.376147,34.95,127,33,0.03787878787878790,0.3686868686868690,1.5
P53,66,M,MOT,Degu,41,3.585,73,4.63,141,0.468085,34.92,344,0.343023,34.09,132,33,0.03598484848484850,0.22727272727272700,2.5
P53,66,M,MOT,Robodog,23,3.348,24,5.292,76,0.592105,35.45,119,0.529412,40.62,69,148,0.013421584850156300,0.2884097134097130,4.515417072379100
P53,66,M,MOT,Meerkat,48,3.646,55,4.945,175,0.48,36.66,278,0.395683,33.12,157,42,0.024390243902439000,0.21031746031746000,1.6666666666666700
P53,66,M,MOT,Starfish,42,4.548,77,5.766,185,0.454054,38.38,440,0.279545,36.61,172,39,0.07017543859649120,0.5855311355311360,2.2857142857142900
P54,66,F,MOT,Car,58,3.259,103,5.058,180,0.472222,49.27,524,0.284351,42.14,172,53,0.030478955007256900,0.3160377358490570,1.4666666666666700
P54,66,F,MOT,ComputerBox,29,3.621,79,5.684,102,0.617647,58.29,452,0.314159,42.96,96,26,0.04923076923076920,0.258974358974359,1.7857142857142900
P54,66,F,MOT,Degu,32,3.312,70,5.286,130,0.4,16.79,393,0.35369,43.54,118,33,0.05303030303030300,0.4996632996633000,1.6222222222222200
P54,66,F,MOT,Robodog,29,2.655,75,4.533,76,0.421053,16.78,327,0.345566,36.95,69,177,0.012134052388289700,0.37109580349859500,3.5218487394958000
P54,66,F,MOT,Meerkat,53,4.509,99,4.717,224,0.441964,42.8,466,0.343348,46.81,214,68,0.038191395961369600,0.4982084500466850,2.138095238095240
P54,66,F,MOT,Starfish,47,4.043,91,5.429,218,0.40367,41.29,516,0.28876,43.16,205,39,0.029689608636977100,0.24786324786324800,1.5333333333333300
P55,66,F,MOT,Car,47,3.426,95,5.716,159,0.515723,52.07,523,0.359465,70.46,148,40,0.07307692307692310,0.48238095238095200,1.8366013071895400
P55,66,F,MOT,ComputerBox,63,3.286,85,5.788,199,0.432161,48.51,472,0.298729,34.77,189,39,0.02834008097165990,0.19316239316239300,2.727272727272730
P55,66,F,MOT,Degu,63,3.73,90,7.578,223,0.41704,42.51,645,0.285271,48.91,208,44,0.049682875264270600,0.5048701298701300,2.764705882352940
P55,66,F,MOT,Robodog,25,2.88,91,5.747,66,0.5,19.97,505,0.30099,44.87,60,170,0.018447615732683600,0.44658183319948000,3.9855311355311400
P55,66,F,MOT,Meerkat,43,5.209,77,5.013,211,0.412322,58.29,371,0.339623,55.93,200,44,0.10993657505285400,0.651010101010101,2.6783625730994200
P55,66,F,MOT,Starfish,52,4.115,83,6.904,201,0.378109,21.98,587,0.265758,44.09,187,39,0.04723346828609990,0.2951770451770450,2.142857142857140
P56,66,M,MOT,Car,40,3.875,69,5.348,157,0.43949,35.57,364,0.370879,54.83,145,32,0.06048387096774190,0.4458333333333330,2.3333333333333300
P56,66,M,MOT,ComputerBox,20,2.3,41,3.659,58,0.551724,20.16,156,0.442308,38.35,58,14,0.10989010989011000,0.2357142857142860,1.4666666666666700
P56,66,M,MOT,Degu,38,3.079,84,6.298,124,0.516129,38.18,509,0.312377,51.56,117,35,0.03361344537815130,0.1619047619047620,1.3
P56,66,M,MOT,Robodog,16,3.625,55,4.327,59,0.576271,24.63,230,0.421739,43.73,55,129,0.015261627906976700,0.2922111480251020,4.0473407364114600
P56,66,M,MOT,Meerkat,26,3.615,65,5.092,131,0.51145,41.97,318,0.424528,62.38,122,30,0.034482758620689700,0.24444444444444400,1.2
P56,66,M,MOT,Starfish,38,4.421,84,6.81,193,0.46114,47.69,587,0.301533,47.24,180,43,0.053156146179402000,0.3794019933554820,2.450980392156860